Вопрос,Ответ
Чем отличается новичок от профи?,"Чем отличается новичок-маркетолог от профи?

Самое важное — это работа с цифрами. Новички не умеют работать с цифрами: не умеют рассчитывать декомпозицию, не умеют рассчитывать конверсии, не знают, что такое конверсии, не знают, как на них влиять. То есть у них есть общие теоретические знания — дай бог, если они от курсов, где преподают классический маркетинг и маркетинг для EdTech.

Бывает ещё, что после курсов блогеров приходят — тогда вообще проблема, потому что они не понимают, как адаптировать знания, которые дают блогеры, на бизнес. Очень часто. Вообще у блогеров есть проблема с их курсами: они учат, как продвигать личный бренд, но это не всегда срабатывает.

Что ещё? Отличия новичка от профи.

Профи знает, где искать информацию. Профи ещё анализирует статистику, анализирует конкурентов подробно — не просто так, как смотрят новички. Новички просто посмотрят, какой контент выпускают, возьмут какие-то идеи себе, и всё. А опытный маркетолог посмотрит по статистике, прогонит через сервисы, которые проверят накрутки и всё такое, посмотрит по Wordstat запросы.

Дальше ещё отличие новичка от профи: новичок берёт то, что присылает нейросетка, за истину и двигается по знаниям из нейросетки. Но тут ещё: они очень часто используют бесплатные нейросетки или не знают, как ими правильно пользоваться. Короче, нейросетки им часто дают не тот ответ, который поможет.

Поэтому в этом случае опытный маркетолог будет всё перепроверять через исследование: статистику, актуальные знания, кейсы конкурентов. Маркетолог ещё исследует кейсы конкурентов, посмотрит.

Так что ещё: новичок, скорее всего, будет двигаться по инфобизнесовским и по инфоцыганским историям. Когда у них был созвон уже без меня, я это посмотрела в Асане. Там были очень интересные формулировки от продюсерского центра: нужен человек, нужен нормальный проджект, то есть проджект без отвлекающих историй. А «отвлекающие истории» — это семья, дети, личная жизнь, интересы.

Там прям были чёткие формулировки, что должен быть человек, работающий проджектом, который готов херачить all day, all night, работать 24/7 и кайфовать от этого, и что больше ничего отвлекающего у человека не должно быть. То есть, грубо говоря, человек продаёт свою жизнь и работает просто на этом проекте, и больше ничем не занимается.

Но это тоже инфоцыганская история, потому что люди устают, и люди выгорают. И даже самый заряженный человек может год продержаться максимум, а потом вообще просто не сможет работать, скорее всего пойдёт к психотерапевту, пойдёт лечиться, будет сидеть на таблетках, потому что в любом случае нервная система не выдержит. Нужно отдыхать — вот эта вся история.

И получается, что ребята такие: «Мы сейчас как продюсеры тут всё скажем, стратегию, пусть всё делает команда, пусть херачит этот проджект, а мы просто будем бабки получать». Но так тоже не работает. Ты в любом случае должен быть постоянно включённым в проект.

А эти ребята вообще не были включены в проект. Второй продюсер на веб даже не пришёл, на 5 минут зашёл и ушёл — всё.

Все декомпозиции, опять же, цифры: они смотрят не перед тем, как прийти к эксперту и сказать, что мы будем делать дальше. Они приходят на созвон, где их проджект кое-как делает эту декомпозицию и планы на следующий месяц. И то она планы сделала — это просто такая бредятина. Она прописала план на следующий месяц, написала 100 продаж. Её спросили, откуда ты взяла эти 100 продаж, что мы их сможем сделать в следующем месяце. Она сказала: «Да это так, для примера, из головы».

Ну то есть не просчитать конверсии, не просчитать объём, сколько людей уже выжгли, сколько людям продали, сколько осталось базы — вообще этого ничего не было сделано. Просто: «Ну, я взяла так для примера 100 человек».

И не были учтены те, кому уже продали: что можно будет их, как этот закрытый клуб, что там часть останется. Конверсия этого тоже не просчитана, средняя по рынку — ничего.

Ну и вот такая, короче, ситуация. И, соответственно, эксперт, который не готов вкладываться временем, чтобы всё работало, — с ней нет смысла работать для меня, по моему мнению. Потому что, опять же, это будет всё скидываться на меня и команду. Мне нужно будет решать все её проблемы. Почему на меня будет скидываться ответственность 100% за то, что у неё нет времени, чтобы я сама решала какие-то вопросы за эксперта, вместо того чтобы эксперт работал как эксперт?

Это уже всё пройдено, и ничего за это время не изменилось. Не изменилась её цель и позиция, не изменилась её ситуация — наоборот, хуже стало: она родила ребёнка, у неё вообще нет времени теперь, плюс она ещё взяла обучение.

И работать с этим человеком — это, опять же, я выйду опять выгоревшая, и всё будет то же самое. Поэтому я отказалась, несмотря на то, что там действительно есть бабки, что можно зарабатывать, и она готова была отдавать мне 40%. Но этого не стоит, потому что я опять потом загонюсь и буду сидеть в тревожке, и, короче, это всё будет плохо.

Кстати, ещё: начинающие маркетологи, SMM-щики, фрилансеры всегда будут видеть вину в тех, кто работал с экспертами до них — в других фрилансерах, в других маркетологах — что они не пришли к результату, потому что с ними работала херовая команда. Но на самом деле я бы сказала, что часто, понятно, что есть и херовые фрилансеры, и исполнители, но часто есть вина и на самом эксперте.

Вот кейс, который тоже есть в распаковке, но он там раскрыт очень поверхностно. Когда у нас было агентство с мужем, мы взяли в работу студию маникюра, которая потом разрослась в сетку. И работали по двум направлениям: личный бренд и плюс ещё салон. Мы работали с гранками.

Там была история, что мы прописали классную стратегию, которая работала на тот момент, потому что у нас был кейс такой же со студией маникюра, просто с другим чеком. Мы прописали, что будем делать, всё такое. Мы предпринимали все действия, чтобы это сделать, а нам постоянно говорили: «Нет времени, команда не хочет сниматься, ой, давайте перенесём, ой, тут дела появились».

И, короче, из всего, что планировали, мы делали 20% действий, потому что в остальных 80% должно было быть задействовано либо команда, либо сам эксперт-владелец. Но там постоянно были какие-то отмазы: команда сниматься вообще никогда не хотела, и это была очень жёсткая проблема.

И в итоге мы получили отзыв, что мы говно — вот прям дословно, «говно агентство», потому что даже трафик не делалось. А когда я начала разбирать по пунктам, всё не делалось не потому что мы дебилы, а потому что ребята такие.

И вот это частая история, в которую попадают новички.

Новичок отличается ещё от профи тем, что он часто не умеет работать со смыслами. То есть он знает, что нужно сделать анализ целевой аудитории, потому что этому учат как базу, говорят всегда. Но дальше он не знает, как с этим работать.

Часто это какие-то поверхностные триггеры, поверхностные смыслы, а вот именно сделать карту смыслов, продумать через них триггеры и контент-стратегию — это сложно.

Плюс ещё один момент: новичок часто верит в все офферы, которые дают на рынке. Например, что можно сделать автоворонку, которая будет вести тебя к клиентам автоматически — без блога, без всей этой истории. Но это тоже неверно, это заблуждение. Часто это оффер просто, чтобы продать там свои услуги.
"
Из каких 5-10 пазлов состоит успех в твоей сфере?,"Из каких пазлов состоит успех в моей сфере?

1. Понимание запроса клиента. Это одна из самых основных вещей и самая основная ошибка, которую допускают маркетологи и вообще любые фрилансеры: они не слушают и не пытаются выяснить потребность клиента. Клиент просто приходит: «Вы занимаетесь этим?» — «Да, занимаюсь. Вот вам цены, короче, приходите». Всё. Это сразу минус клиент, потому что сначала нужно выяснить у клиента, чего он хочет и какая у него ситуация, а потом уже делать под него оффер. Тогда можно будет сделать его под потребности клиента и продать ему. А когда мы продаём общее, мы не сможем продать человеку, только если он не пришёл по рекомендации, где прям сказали: «Зуб ставлю на то, что чел нормальный».

2. Умение продавать себя. Это тоже одна из больших проблем фрилансеров. На самом деле всех, кто продаёт свои услуги, какие-то продукты: умение продать себя — это очень важно. Опять же, оно тоже строится из того, чтобы понять потребности клиента.

3. Умение быть структурным и последовательным. Очень часто новички хватаются за какие-то вещи без структуры, и потом клиент видит какой-то раздрай и говорит: «Что ты вообще делаешь?»

4. Ответственность за результат. Тут даже комментировать особо не надо.

5. Умение опираться на цифры и на стратегию, умение выстраивать всё пошагово. Это тоже связано с одним из пунктов.

6. Умение общаться со всеми, с разными типами людей, не быть конфликтным. Умение находить компромиссы — очень часто. Умение вести переговоры — очень важная история, потому что клиент может хотеть одно, ему могут где-то на стороне порекомендовать: «Слушай, вот тут вот это охрененная штука», а на самом деле в его нише это не сработает. И тут важно донести человеку: либо он требует что-то, а ты понимаешь, что это просто трата времени.

7. Умение адаптировать тренды и адаптироваться на рыке. Очень важен навык уметь быстро сориентироваться: если что-то изменилось, быстро сориентироваться без прокрастинаций и фрустраций, а быстро скорректировать стратегию и начать работать по ней. Потому что у нас рынок меняется буквально за неделю, может поменяться вообще вся ситуация.
"
Какие 5 самых частых ошибок в каждом пазле?,"

Из каких пазлов состоит успех в моей сфере?


1. Понимание запроса клиента. Это одна из самых основных вещей и самая основная ошибка, которую допускают маркетологи и вообще любые фрилансеры: они не слушают и не пытаются выяснить потребность клиента. Клиент просто приходит: «Вы занимаетесь этим?» — «Да, занимаюсь. Вот вам цены, короче, приходите». Всё. Это сразу минус клиент, потому что сначала нужно выяснить у клиента, чего он хочет и какая у него ситуация, а потом уже делать под него оффер. Тогда можно будет сделать его под потребности клиента и продать ему. А когда мы продаём общее, мы не сможем продать человеку, только если он не пришёл по рекомендации, где прям сказали: «Зуб ставлю на то, что чел нормальный».


Ошибка в каждом пазле.


1. Понимание запроса клиента.
- Ошибка 1: когда клиент просто пишет по типу «вот мне, занимаетесь ли вы вот этим», человек сразу такой: да. Это ещё хорошо, если отправляет прайс, но это всё равно ошибка.
- Ошибка 2: отправлять на сайт смотреть услуги. Это вообще дичайшая ошибка, потому что человеку нужно продавать через потребности. Нужно узнать, что ему надо, и потом уже в личных коммуникациях продать. Обычно в личных коммуникациях, если пишут, то значит хотят консультацию, хоть какую-то минимальную, получить. А люди тупо отправляют на сайт или куда-то ещё смотреть.
- Ошибка 3: отправлять смотреть кейсы куда-то, типа на какие-нибудь страницы. Лучше посмотреть, какие кейсы подходят под нишу клиента, и описать ему эти кейсы. Тоже в личке.
- Ошибка 4: начинать отправлять голосовые, не спросив перед этим, можно ли отправлять голосовые. Это вообще жесть.
- Ошибка 5: быть, грубо говоря, жадным до клиента — когда ты понимаешь, что его запрос тебе не подходит, пытаться всё равно как-то адаптировать, чтобы прожать человека именно на свои услуги. Из этого ничего хорошего не случится, потому что в любом случае проблему запроса клиента не решите.
- Ещё одна ошибка: хаить конкурентов. Типа: «да, они говно, вот это всё, да, я сделаю лучше». Не, нифига, такое не прокатывает.




2. Умение продавать себя. Это тоже одна из больших проблем фрилансеров. На самом деле всех, кто продаёт свои услуги, какие-то продукты: умение продать себя — это очень важно. Опять же, оно тоже строится из того, чтобы понять потребности клиента.


Ошибки в умении продавать себя.


Первое — занижать свои цены. Это тоже частая история, особенно вестись на манипуляции потенциальных клиентов, типа: «А мне вот тут предложили дешевле». Ну и типа идите дешевле делайте, и всё, в чём проблема. Это частая манипуляция, попытка продавить тебя на цены. Но я бы здесь уже воспринимала клиента под вопросом: нужно ли с ним работать или нет. Я бы попыталась выяснить, он не понимает или он пытается продавить меня. Если он пытается продавить меня, я бы с ним дальше не работала вообще.


Умение продавать себя очень сильно связано с прошлым пунктом, потому что если ты не понимаешь боли и потребности, то ты себя не продашь. То есть пытаться объяснить про свою услугу, но при этом не слушая клиента, — тоже частая история.


Ещё ошибка — отправлять смотреть что-то на сайты: какие-то цены и какие услуги есть. Ну и из базы — говорить неуверенно. Что значит неуверенно говорить? Бояться клиента, бояться потерять клиента. Это большая ошибка — бояться потерять клиента, потому что ты будешь неуверен в себе: типа «я там недостоин», и вот эта вот вся история. Это всё очень сильно считывается на подсознании.


Ещё — неумение отрабатывать возражения, бояться отрабатывать возражения. Особенно возражения, типа: «Вы там работаете с соцсетями» либо «работаете в маркетинге, а у вас нет соцсетей или вы их не ведёте, что вы за сапожник без сапог». Но на самом деле я видела одну мысль, и я с ней максимально солидарна: самый классный исполнитель-фрилансер — это тот, который не ведёт соцсети, потому что у него нет на них времени, тупо, и он полностью посвящает себя другим проектам.




3. Умение быть структурным и последовательным. Очень часто новички хватаются за какие-то вещи без структуры, и потом клиент видит какой-то раздрай и говорит: «Что ты вообще делаешь?»


Ошибка в умении быть структурным и последовательным. Какие здесь ошибки?


Первая ошибка — вообще не делать какую-либо стратегию, не прописывать себе конкретные шаги. В проекте: что ты будешь делать?


Вторая ошибка — говорить клиенту: «Да мы сейчас сделаем вот это, вот это, вот это», но при этом не делать. Либо делать в медленном темпе.


Вообще лучше клиенту не обещать, а делать. Типа: вот такие задачи стоят на неделю, мы их сделаем. И выполнять их. Не обещать, что «да через 2 месяца мы ещё вот это сделаем, мы вот это сделаем», потому что через 2 месяца может всё поменяться, а клиент придёт и скажет: «А чё это было?»


И тоже часто ошибка — пытаться казаться крутым, продать дальше услуги, вот эта вот вся история.


Ещё сильная ошибка — увидеть какой-то тренд, увидеть какой-то совет и сразу пытаться внедрять всё, не проанализировав, точно ли оно нужно, как оно работает в этой нише, точно ли оно принесёт результаты. Потому что тогда, пытаясь внести всё, получается полный хаос.


4. Ответственность за результат. Тут даже комментировать особо не надо.


Ошибка в ответственности за результат. Тут как будто бы банально, но если проговаривать подробно, то первое — пытаться слить на команду. Особенно если ты работаешь с командой: говорить «да это вот эти люди проебались, это не я».


Но суть в том, что вы работаете командой, и так ты портишь репутацию в любом случае — и себе, и команде. И выглядит это очень непрофессионально. Либо так же пытаться слить на подрядчиков.


Если подрядчики просирают сроки, мы просто берём и заменяем подрядчиков сразу, и это покажет, что это херовые подрядчики. И здесь не нужно будет даже оправдываться, что-то доказывать и что-то говорить.


Ещё ошибка — спихивать на заказчика. Обычно в процессе, короче, так и делают. Как это решается: когда заказчик что-то не выполняет, ему сразу проговаривается: «Смотрите, мы несём ответственность вдвоём. Если вы это не выполните, то ответственность за весь результат будет лежать на вас». И в том числе за отсутствие результата. Всё это обычно отрезвляет заказчиков, и не нужно будет потом с ними сраться и говорить: «Ребят, ну, типа, всё из-за вас».


А дальше что ещё в ответственности за результат? Тут как будто бы реально всё.


Бывает ещё, что скидывают на то, что что-то на рынке изменилось. Если действительно случаются форс-мажорные ситуации — что-то заблокировали, что-то ещё, — надо адаптироваться, всё выстраивать, переупаковываться, и это же тоже не быстро. В таком случае обычно тоже сразу идётся к заказчику, и тогда не будет проблемы с ответственностью за результат, потому что это всё будет проговорено. Как будто бы.


 бывает, что ещё приходят клиенты, заказчики, и говорят, когда уже работаем: «А вот мне мой знакомый сказал, что мы там делаем неправильно, надо делать вот так».


Здесь тоже нужно проговаривать ответственность: что сейчас мы работаем с вами, а не с этим экспертом. И тут либо мы реализовываем так, как мы хотим, так как мы говорим, и мы ответственны за результат, либо мы реализовываем так, как вам говорят эти люди, но ответственность за результат будете вы.


Ещё бывает такая история, когда клиент считает, что он знает лучше всех, что он круче всех, умнее. И когда ты работаешь и выполняешь свою работу, например, как я прописывала: на одном проекте я прописывала структуру сайта — самый яркий пример.


Я прописывала структуру сайта полностью, написала все блоки наполнения, продумывала через триггеры, через смыслы, как лучше заходить, что нельзя, что можно. Потом приходит руководитель, точнее создатель всей этой истории, владелец компании, и полностью перекраивает этот сайт, при этом наоборот используя такие формулировки, которые отпугнут клиента.


Соответственно, я пошла опять перерабатывать все его смыслы, прописывать, почему это не так. И в итоге ко мне приходят и говорят: «Ну ты же маркетолог, сделай как надо». А я вообще-то сделала как надо, ещё в самом первом варианте. Но вы зачем-то это переделываете.


С такими клиентами тоже лучше не работать, потому что они вселяют неуверенность жёстко. Постоянно вот этими своими правками ты начинаешь сомневаться вообще в каждом слове, каждом действии: а вдруг опять что-то не понравится. И это происходит даже с опытными людьми, потому что в какой-то момент ты к этому привыкаешь, и ты как в абьюзивных отношениях — то же самое.


И работая там по 4–5 месяцев, по полгода, ты уже становишься таким чисто тревожным человеком: на стрессе, выгорании, полностью думая, что это что-то с тобой не так. 

5. Умение опираться на цифры и на стратегию, умение выстраивать всё пошагово. Это тоже связано с одним из пунктов.


Ошибки в оценке, в опоре на цифры и на стратегию.


Первое — это брать какие-то конверсии с других ниш за норму. То есть смотреть, какие конверсии нормальные в нише, которая не взаимосвязана вообще с тем, с кем вы работаете, или где вы работаете, в какой нише.


Второй момент — вообще не прописывать стратегию, то есть делать какие-то хаотичные движения, потому что на рынке там кто-то сказал, что это сейчас работает.


В любом случае все стратегии должны быть всегда в долгосрок.


Дальше — не прописывать декомпозицию. Это большая ошибка, потому что в декомпозиции мы понимаем, какие конверсии у нас должны быть, к каким цифрам мы должны прийти, и исходя из этой декомпозиции мы ставим планы.


Если мы не ставим планы, то, соответственно, мы не понимаем, где какие метрики и конверсии мы можем докрутить. То есть когда мы отслеживаем конверсии, у нас есть норма, и мы смотрим, какие у нас конверсии. То, соответственно, мы можем понять, где у нас что проседает, и посмотреть, как это можно докрутить.


Например, очень часто думают, что нет продаж, потому что охваты маленькие. А когда ты смотришь, на самом деле охваты нормальные, просто конверсия из заявки в продажу нулевая. То есть в заявки падают, а продажи не обрабатываются.


6. Умение общаться со всеми, с разными типами людей, не быть конфликтным. Умение находить компромиссы — очень часто. Умение вести переговоры — очень важная история, потому что клиент может хотеть одно, ему могут где-то на стороне порекомендовать: «Слушай, вот тут вот это охрененная штука», а на самом деле в его нише это не сработает. И тут важно донести человеку: либо он требует что-то, а ты понимаешь, что это просто трата времени.




7. Умение адаптировать тренды и адаптироваться на рыке. Очень важен навык уметь быстро сориентироваться: если что-то изменилось, быстро сориентироваться без прокрастинаций и фрустраций, а быстро скорректировать стратегию и начать работать по ней. Потому что у нас рынок меняется буквально за неделю, может поменяться вообще вся ситуация.

"
"Расскажи 1 простую, применимую и полезную фишку из твоей сферы ","Одна простая применимая фишка в моей сфере: я считаю, тут будет 2 самые важные.

Первое — писать декомпозицию и смотреть конверсии. То есть, опять же, что я и говорила выше: мы смотрим нормы конверсии, потом просчитываем наши в моменте, в работе, и смотрим, где что проседает, и продумываем, как улучшить. Это на самом деле очень сильно помогает, потому что в моменте, когда ты не получаешь какого-то результата, ты начинаешь просто перебирать какие-то варианты, но это всё не имеет под собой каких-то оснований. И вместо того, чтобы решить проблему за неделю, ты будешь решать проблему несколько месяцев, потому что будешь перебирать эти варианты.

И второй момент — всегда анализировать целевую аудиторию: анализировать их боли и потребности, страхи и возражения. Это вот прям должна быть как писаная истина, написанная истина, короче. Потому что, исходя из этого анализа, ты понимаешь, как продать продукт, как вообще общаться с целевой аудиторией, как показать, что наш продукт решает их конкретные боли и потребности.
"
Какой пошаговый план для достижения твоих результатов?,"Какой пошаговый план для достижения моих результатов?

1. Изучить базу маркетинга вообще:
- как работать с целевой аудиторией;
- как делать анализ целевой аудитории;
- как делать декомпозицию;
- метрики и показатели: что это такое, как на них опираться и как с ними работать.

2. Найти клиента, с которым можно будет чётко прописать стратегию, следовать этой стратегии и получить результат.
В идеале это бесплатный клиент. Я тоже считаю, что первый клиент должен быть бесплатным, пока ты не принесёшь ему результат.

3. После этого:
- ставить чек;
- находить клиентов;
- проводить консультации;
- тестировать гипотезы;
- обязательно всегда изучать тренды;
- изучать конкурентов;
- изучать ситуацию на рынке;
- смотреть кейсы, чтобы потом это всё адаптировать и тестировать гипотезы.

Если так кратко. Но на самом деле, пока ты будешь реализовывать всю эту стратегию и работать как маркетолог, нужно учитывать, что будут просить делать руками: прописывать сайты, прописывать структуру, прописывать контент-посты. Короче, много шишек в процессе набьётся."
Расскажи про самый большой и крутой проект / клиента,"
Самый крутой проект для клиента я не могу прямо выделить как самый-самый крутой, но могу назвать значимый для меня.

Первое — это Оля Кирилюк, эксперт по депиляции. Мы с ней начали работать, когда я была эсэмэмщиком: я у неё работала эсэмэмщиком, приводила клиентов на депиляцию. Мы начали развивать её: сначала развивали аккаунт её студии, потом начали развивать её личный блог как эксперта.

Почему этот кейс для меня значим: там я начала работать как продюсер именно на онлайн-запусках. Мы вырастили её личный блог с нуля до, по-моему, 8000 или 10000 подписчиков, и всё это время прогревали к её личности до того момента, что люди начали просить у неё конкретный курс на конкретную тему, потому что это была её суперсила.

Соответственно, мы сделали первый запуск онлайн-курса. Сами всё продумывали, без обучения. Я села, изучала гид-курс, его настройку сама настраивала тоже без курсов: просто смотрела их базу знаний и на этом уже настраивала.

В первом же запуске, на среднем чеке около 5000 рублей, мы сделали почти миллион — больше 900 тысяч. Расходов при этом было 27500. Всего. То есть мы оказались в офигенном плюсе.

С этого началась моя история именно как продюсера, как человека, который работает на онлайн-курсах.

Второй значимый кейс — это уже Оля Сок. Про неё я рассказывала выше, поэтому сильно рассказывать, наверное, не буду.

Ситуация была такая: она пришла с тем, что не может пробить потолок. Мы сделали результат с 1 миллиона до 3,7 миллионов, вырастили выручку. И вот что круто в этом кейсе: я работала уже с показателями, то есть я работала с конверсиями, с доходимостью на курсе. Я увеличила доходимость, чтобы большее количество учеников переходили из недели в неделю, потому что чем больше учеников дошло до конца, тем больше будут рекомендовать, и тем больше вероятность, что они купят следующий поток.

Я увеличила LTV, увеличила количество учеников, которые переходят из потока в поток. За счёт этого мы сделали крутые результаты: они начали нас рекомендовать, и я увеличила количество рекомендаций в десятки раз — просто отметок в соцсетях.

Это прям крутой кейс, где я могу показать, как работать над тем, чтобы не привлекать новых постоянно, а чтобы те, кого уже привели, приносили деньги из раза в раз. Это намного ценнее и намного больше денег даёт.

Ещё несколько моментов, значимых. Я их как раз говорю по таймлинии: с самого начала и до актуального времени.

В прошлом году я поработала руководителем направления конкурсного набора в Beauty Day. Это конгресс, самый крупный бьюти-конгресс в России и СНГ. Я не скажу, что там прям были классные результаты: я там больше работала над системой, над упаковкой, над всей этой штукой. Я оттуда ушла полностью выгоревшая, но опыт я оттуда получила охренеть какой. Опять же, я получила понимание своих ценностей: с какими людьми я работать не хочу и больше никогда не буду, на какие условия я больше не согласна. То есть здесь больше произошёл личностный рост, и это мне многое дало.

Сейчас актуально: я работаю в ЕГЭЛЕНДе. Там у меня уже есть кейсы. Один из таких классных кейсов (но у меня НДА, поэтому тут нужно будет думать, как с этим работать): я перевела больше 50% учеников во внутренний курс, при этом на софт-скиллы. Это история, которую вообще сложно продвигать школьникам тем более.

ЕГЭЛЕНД — это онлайн-школа по подготовке к ЕГЭ. И здесь сложно детям, которые и так в ахрине от нагрузки, от стресса, от страхов, которые просто готовятся к ЕГЭ, показать им, что им важно ещё и на софт-скиллы учиться. Поэтому это офигенный кейс: больше 50% учеников я перевела. Это было сложно: я работала через рассылки, через дожимы, через попапы на обучающей платформе, но это того стоило."
Расскажи про самый странный проект,"Самый странный проект — это, конечно, интересная история.

Когда я работала на Бьюти Day, я зашла на ещё один проект как маркетолог. Это двое ребят, которые начали работать в партнёрстве.

Первый — Валит Султанов. Он экс-креативный директор Skillbox, одной из самых топовых онлайн-школ в России. Он был там как эксперт, как лицо, которое обучает нейросетям, креативу и, в частности, там «радио». Он реально крутой эксперт, который шарит в этой теме: знает, как генерить, креативить и какие нейросетки для чего использовать. Я благодарна, что работала с ним и получила от него навыки, которые мне сейчас очень сильно помогают: экономят мне просто сотни часов работы и дают классные результаты.

Второй парень — Максим. Он больше выступает как продюсер, как стратег. То есть у них как будто бы должна быть система, где есть эксперт и продюсер, и всё как бы логично.

Но в чём проблема? Когда они начали продвигаться, во-первых, у них была ситуация, скажем так, патовая: они были в минусе, и у них был какой-то запас денег, за счёт которого они должны были выйти в плюс.

Максим, как продюсер, принимал стратегические решения. Первое, что я зашла и увидела: они делают именно офлайн-встречи. То есть они собирают людей офлайн, на сходку в Сочи, и там уже рассказывают им про нейросетки: типа дают бесплатный мастер-класс, а потом продают платный онлайн-курс прямо там.

Проблема была в том, что они сильно себя ограничивали. Я как маркетолог и продюсер, который работал с крупными уже историями, помогал с нуля до ляма делать продажи, с ляма до почти четырёх, понимаю, что они очень сильно себя ограничивают. Потому что на офлайн-мероприятие добраться, при этом когда ты не знаешь этих людей, — конверсия будет вообще минимальная. У них там регалась больше 100 человек, а приходило не больше 10. Конверсия была ужасная.

Когда я первым делом пришла и сказала: «Давайте делать онлайн, потому что, ребят, вы ловите офлайн-сходки, конверсия очень минимальная», мне сказали: «Нет, мы сейчас будем докручивать офлайн».

И нам нужно, чтобы ты сделала нам бота. Моё тестовое задание было прописать какого-то бота, я даже не помню, честно, какого: по-моему, продающего, то есть чтобы он продавал эти онлайн-курсы у них. Но они этого бота будут давать через офлайн

Насколько я помню, было так: возможно, по боту там какие-то другие задачи были, но суть такая. Мне нужно было прийти скорректировать бота. У них был чел, который писал этого бота, но он там что-то его не доделал, что-то потерялся — и нужно было выполнить эту задачу. Я эту задачу выполнила.

Они попросили меня дальше работать с ними на конкретных условиях, как маркетолог и т. д., и т. п. Я начала с ними работать. Мы делали какие-то рассылки по холодной базе: нужно было продумать кружки, тексты и всё такое, а потом их генерил Валит через нейросетку, и после этого уже их отправляли по холодной. Но суть такая, что конверсия была низкая.

Там ещё была проблема: у них не были собраны нормальные сайты. Ребята были в таком состоянии, короче, как когда человек в панике и хватается за всё, но при этом всё идёт по одному месту. Вот это про Максима: он как будто бы был в панике, не мог упорядочить нормально стратегию, и постоянно мы делали какие-то шаги разрозненные — то одно, то второе, то третье надо сделать, и это всё никак не собиралось в кучу.

Нам нужно было собрать сайты — я сажусь, прописываю сайты, собираю. Им нужно что-то переделать — это всё типа день в день должно сделаться. Сжатые сроки, всё берётся как-то смято, и постоянно всё как-то через жопу. Плюс техспец вставляет палки в колёса и говорит, что это невозможно. У них ещё платформы всратые были: они использовали платформы, которые технически не такие удобные, не такие простые, и там куча ограничений, вместо того чтобы упростить себе работу. Это всё было реально очень странно.

Потом в итоге мы созванивались постоянно, обсуждали стратегию. Я им говорила, что можно сделать, меня не слушали. А потом мы начали работать с другой онлайн-школой в партнёрстве: Валит там как эксперт проводит им курсы, они делят эту выручку, а мы прописывали прогревы и вот это всё. Эта онлайн-школа тоже вставляла палки в колёса.

А Максим, как стратег, говорил типа: «Это переговоры, это как игра в шахматы: нужно что-то уступить, чтобы потом взять своё». Но при этом со стороны было максимально видно, что онлайн-школа срать хотела на них, потому что они в итоге не приносили столько денег, сколько нормально для этой онлайн-школы. Там тоже были постоянные какие-то проблемы.

Я там всё это постоянно по 100–500 раз переделывала: тексты, структуры, стратегии, очерёдность. Потому что мы одно продумываем, Максим там что-то не созванивается, решает, потом решает делать по-другому. Онлайн-школа нормальную обратку не даёт. В общем, это тоже такая мутатень была жёсткая, непонятная.

И в итоге: я увидела, что ребята из этой онлайн-школы, которые партнёры, запускают параллельно курс с другим спикером по той же теме, по нейросетке — по той же абсолютно теме, которую запускали мы. Я пришла к Максиму и сказала: «А что за история вообще? Ну, типа, это же так не работает». Он начал мне говорить, что он сам разрешил: когда они вели переговоры, он сказал: «Нет, ребят, давайте так: если вы хотите запускать кого-то ещё — но мы с вами будем работать». Что-то там ещё было про историю, чтобы не быть на уникальном договоре, что больше ничего нельзя делать.

Потом я показала это всё Валиту. Я уже уволилась, потому что в итоге мы с Максом постоянно срались: я ему показывала, что мы не добьёмся так успеха. Там параллельно причём круче спикеры — не то что по знаниям, а по репутации. Там классные спикеры, которые именно из дизайна, а онлайн-школа для дизайна идёт, ну, короче.

И в итоге как-то в один разговор, когда нам прям очевидно палки в колёса вставляли, я увидела, что они там спикеров запускают. Причём, по-моему, даже в параллельное окно продаж, или сразу после нас, или до нас даже. Короче, что-то такое было, прям жёсткое.

Я ему это показала, а он вообще начал орать, что типа: «А вот и мы тебя наняли, ты должна делать, что я тебе скажу, а вот эта вот вся история». Потом там даже контекст был такой, в разговоре и формулировках, что типа: «А ты вот продала свою жопу за эти 70 000 рублей в месяц, которые мы платим. Ты сидишь и делаешь, что я тебе скажу. Я как стратег, я всё решаю, а ты, короче, всё — сиди и молчи».

Меня это сильно закусило, потому что ты нанимаешь маркетолога зачем? Чтобы что? Зачем тогда тебе маркетолог? Возьми какого-нибудь СММщика, копирайтера, и пусть тебе это всё пишут и делают, как ты скажешь. Но я уже не на той позиции.

Он ещё начал оценивать мою личность. Сказал, что у меня есть хорошая самостоятельность и плохая самостоятельность: что типа я бываю слишком самостоятельна, и вот эта вот вся история. И это тоже было очень некорректно сказано с его стороны, потому что как руководитель ты не имеешь права просто оценивать человека.

После этого я поняла, что дальше мы с ним точно работать не будем. Я просто доработала до момента, когда мне должны были выплатить ЗП, и сказала: «Ребят, всё, пока, я ухожу». Сказала ему, что меня это не устраивает: я не буду просто сидеть и кивать, когда я вижу, что то, что мы делаем, не работает. Ну и всё, собственно.

Вообще не было никаких проблем. Он, видимо, тоже хотел заканчивать работу, потому что понятно, что мы не совпали по этим моментам.

Потом мы с Валитом тоже поговорили лично, я ему рассказала эту ситуацию.

И там был ещё момент — прям вообще очень тупой и очень странный. Мы с Валитом были очень похожи в понимании стратегии, а Максим был за другое. Мы на планёрке обсуждали, и мы с Валитом очень сильно сошлись на том, что нужно запускать закрытый клуб по нейросетям, а Максим говорил: «Нет, это херня, не надо, короче, все дела».

Мы с Валитом сказали: «Ну давай мы попробуем запустить. Будем выделять по часу-по два в день, чтобы это не мешало работе, и посмотрим результаты». Он такой: «Ну вот, ладно, давайте на неделе попробуйте вот это, вот это, вот это сделать».

Мы с Валитом что-то начинаем делать, созвонились, буквально два дня прошло — он мне начинает в личку писать, причём саркастическим тоном: «Ну что, как там у вас по вот этому вопросу?» В какой-то формулировке тупой прям. Я понимаю, что это сарказм.

Я вышла с ним на разговор и говорю: «А что, в чём прикол?» И у него тоже полилось говно, причём истеричное говно. Это явно именно в его загонах в башке: что типа он не знает, что мы делаем, а вдруг там что-то вот это вот. Ему непонятно, и когда ему непонятно, какая стратегия и что вообще делаем, он начинает задавать вопросы: что я вообще сама должна к нему приходить и отчитываться, что я там буду делать, как буду делать.

Я поняла прекрасно, что он просто боится, что я уведу у него эксперта. Мы с Валитом поговорили, и Валит сказал, что да, такая история есть. У этого Максима есть личная травма с женой: что Максим её продюсировал, потом она сказала, что типа ты вообще никто, это я всё сделала, а ты — нет. И, видимо, у него в башке вот эта вот мулька есть.

Там ещё такие сратые фразы были, истеричные, и понятно, что человек вообще неосознанный. А ему 30 с хером уже, типа 35 под 40 уже. У него там ребёнок взрослый, ну что-то такое. И ты сидишь и думаешь: «Да нахер мне вообще всё это надо — сидеть, обслуживать твои какие-то травмы?»

Ну и, собственно, мы на этом и закончили. И потом мы с Валитом в итоге не работали. Мы хотели с Валитом дальше запускать закрытый клуб вне Максима, потому что я ушла, но Максим начал его опять на оффлайн-встречи таскать, у Валита опять времени нет, Валит постоянно выгорал, и, короче, всё — мы как-то закончили работу."
Расскажи самый смешной случай за время работы,"Самый смешной случай во время работы для меня — это недавняя работа с Олей Сок, с её продюсерами. Понятно, что я там жёстко выгорела и всё такое, но именно то, как вели себя эти продюсеры, было очень ржачно. Было очевидно, что это инфоцыгане, и она на каждый созвон шла с настроением: «Ну, посмотрим, что там ещё эти дебилы отчебучат». И вспоминая это, хочется угарать, прям реально.

Кстати, я не рассказала историю — сейчас дополню. Для меня она смешна именно с экспертной точки зрения.

Мы созванивались по структуре вебинара, и один из этих сопродюсеров начал показывать «универсальную структуру»: какие там блоки, из чего состоит. Час он, короче, всё это рассказывал. Когда он открыл, я вижу, что эта структура стыренная у Миши Тимочка с курса, плюс туда добавлены некоторые блоки от Афониной. То есть это всё не их разработки, причём блоки просто переименованы, чтобы не было видно, что это придумано Тимочкой и Афониной.

Он так серьёзно это всё рассказывает, а я сижу, ещё другие дела делаю, у меня уже рука-лицо, потому что: господи, что ты мне вот это рассказываешь? Я-то, во-первых, всё знаю, а во-вторых, если бы это ещё было как-то переработано. Но это просто стыренная история, которую ты показываешь как свою авторскую технику. Вот опять эти инфоцыгане со своими авторскими методиками.

Я, конечно, грешна была, признаюсь, что в какой-то момент тоже этому поддалась, но я очень быстро, буквально за пару месяцев, прекратила такой хернёй страдать, потому что дичь. Потом поняла, что это бредятина вообще, и главное — людям результат, а не какие-то авторские методики, которые ты, блин, придумал, и она уникальная и работает вообще капец как. Короче, бредятина.

И в какой-то момент уже час прошёл, как он начал всё это рассказывать, и я сижу, у меня рука-лицо. Он такой: «Рита, я вижу, что ты устала меня слушать, давай немножко интерактива, вовлечёмся. Вот скажи, какой есть треугольник возражений, что-то такое. Какие есть возражения?»

Я говорю: «Ну, есть возражения к эксперту, есть возражения к продукту». Он такой: «Нет, есть прям конкретный треугольник в маркетинге, треугольник возражений». А я, изучая классический маркетинг, ни разу не слышала про треугольник возражений. Я такая: «Ну окей, давай смотреть».

Просто логически начинаю: есть возражения к эксперту. Он: «Да, всё правильно. Какое ещё?» Я сижу думаю. Он: «Ну вот, смотри, ещё есть возражения к продукту». И он такой: «А вот третье?» Я говорю: «Я не помню». Мне вообще посрать было.

Он такой: «Есть ещё возражения к самому себе. Есть прям реально вот такой треугольник».

Мы с мужем сели после созвона смотреть, что это за треугольник. И этот «треугольник» — это опять же авторская методика с онлайн-курса. Я так понимаю, Афониной, которая переделала с треугольника доверия, по-моему, который реально есть в классическом маркетинге, на треугольник возражений.

Короче, это такая дичь, и ты сидишь, смотришь — это смешно. Поэтому для меня самая смешная ситуация с работой — это эта история - этот проект."
Сколько лет ты уже в своей сфере? Какие главные достижения за это время?,"Выше я рассказывала, что я уже 10 лет в этой сфере. Достижения у меня, опять же, в описанных кейсах:

- Я запустила с нуля эксперта: мы набрали 8000 подписчиков, сделали первый запуск. У меня есть кейс конкретный с цифрами: 937000, по-моему, доход, 27500 расход. Причём это уже чистый, по-моему, доход.
- Я помогла поднять доход запуска, выручку запуска у Оли Сок: у неё там было 900 с чем-то тысяч, мы подняли до 3,7 миллионов.
- Про ЕГЭЛЕНД я рассказала. Ещё был кейс с Олимпийской чемпионкой: она продала офлайн-мероприятие, билеты на мастер-класс для теннисистов. У неё там было продано всего 2 билета (один вообще какой-то знакомый, видимо). Она пришла с проблемой, что ничего не продаётся. В итоге мы сделали солд-аут: там нужно было продать 25 билетов, мы сделали прогрев, вся вот эта история, и продали все билеты.

Самые такие оцифрованные кейсы я стала недавно делать: вот она у меня с Олей Сок, с Олей Кирилюк, про которую я рассказывала, с Екатериной. И вот сейчас там с ЕГЭЛЕНДом с Олей Сок ещё недавний: мы запустили закрытый клуб, у меня тоже там цифра есть."
Как мы можем отобразить твои результаты в цифрах?,
Сколько ты сейчас на этом зарабатываешь? (если уместно),
"Есть ли у тебя какие-то дипломы, сертификаты, награды или регалии?","Но у меня есть вышка, красный диплом, но он по менеджменту. Мы 2 года изучали маркетинг.

Дипломы с каких-то онлайн-курсов я не учитываю. Сейчас план: пойти на вышку на маркетинг (менеджмент маркетинг), и вот уже будет у меня диплом магистратуры."
Сколько у тебя было клиентов / учеников? Есть ли среди них известные?,"Сколько было у меня клиентов и учеников?

Клиентов уже точно десятки, но их было много за 10 лет. Учеников у меня было 50+ точно.

Из известных:
- Оля Сок — блогер-миллионник.
- Конгресс, который самый крупный в России и странах СНГ.
- Сейчас я работаю с ЕГЭЛЕНДом, это вообще топ-3 онлайн-школ по ЕГЭ.
- С Олимпийской чемпионкой я работала.
- С экспертами известными в своих нишах я работала с Радочинской (маркетолог), я ей реализовывала воронку.
- С Лесей Фетисовой, тоже маркетолог, в своих кругах известная.


А ещё из известных у меня — Наталья Пахомова (известный инструктор по маникюру) и Татьяна Золотухина (она тоже инструктор по маникюру).

По Татьяне Золотухиной, кстати, классный кейс. Меня позвали, я там вообще работала как техспец. Но в какой-то момент у них были люди, которые создавали заявки и на связь не выходили, и не оплачивали — и таких там было больше 15 штук. Больше 15 человек. У них как раз до плана не дотягивало, по-моему, 1250.

Меня позвали в итоге, чтобы я помогла им прогреть через контент, через рассылки. Мы поработали, этот кейс тоже мне надо оцифровать, и я в итоге принесла там больше 200 000 за свою работу, при том что я там взяла, по-моему, 25–28 в итоге получила.

Я поработала недельку всего, и за неделю, исходя из того, какой контент мы делали и как я там всё продумывала: там была сммщица, то есть я всё продумывала, говорила ей, что делать, она всё это прописывала, а я редактировала её, и дальше мы выставляли. В итоге мы прогрели аудиторию, причём получили там больше 10 продаж за счёт этого. И самый прикол был в том, что именно вот этих вот молчунов мы почти всех закрыли."
Какие самые частые проблемы и трудности у твоих учеников?,"Какие самые частые проблемы и трудности у моих клиентов и учеников?

Обычно они приходят с тем, что у них самая большая боль — это бабки. То есть либо у них нет клиентов, либо не покупают их онлайн-продукты, онлайн-курсы. Либо недостаточно учеников, либо недостаточно клиентов. Нет денег, не понимают, что делать.

Очень часто они пробовали кучу всяких инструментов, ходили на наставничество, ходили на какие-то онлайн-курсы в инфополе, у блогеров или у экспертов и т. д. и т. п., но всё равно не получили результаты. В итоге что-то делают, но ничего не получается.

Вообще самая частая история — мы в любом случае всегда завязаны на деньги, поэтому с вопросом про деньги и приходят. А вот если уже копать глубже, почему у них не получается, то там капец, потому что у всех разные элементы.

Первое: обычно это то, что гонятся за охватами. Типа вот эти миллионные просмотры — делают какие-то трендовые видосы, которые залетают, но которые вообще никак не прогревают и не продают их услуги. Это прям частая история.

Очень это было, наверное, в 2022 тоже повсеместно, потому что сделали эти релсы, и все гнались за этими миллионами просмотров, хотя эти миллионы просмотров ничего не продавали. Только если ты, опять же, не становился экспертом по релсам, чтобы учить тому, как делать эти миллионные просмотры. Ну, типа вот такая херня вообще была.

А этим, кстати, начала Оля Кирилюк. У неё там залетело 4 или 5 видосов на лям. Она их тупо копировала с ТикТока, и потом это делала. И в итоге она захотела запустить онлайн-курс по вот этим вот всем релсам. У неё там практически продаж не было, потому что у неё позиционирование было другое. А она захотела.

И я в тот момент ещё тогда была её продюсером, и я поняла, что мы делаем какую-то дичь. Мне это вообще не нравится, и я не хочу этим заниматься, потому что она не эксперт в этом.

Ну и вот с этого момента примерно мы уже начинали с ней работать так, что наша работа замедлялась, скажем так.
Какие проблемы ещё у них есть?

Самая основная проблема: они не понимают, как продавать через смысл своей услуги и свои продукты. То есть они смотрят со своей стороны, а не со стороны целевой аудитории: какие боли и потребности есть у целевой аудитории, как продукт их решает, и как продавать через эти смыслы. Вместо этого они смотрят со своей стороны, в своей голове, в своём мирке, думают, что их продукт нужен «потому что потому что».

При этом они не слышат аудиторию и не общаются с ней, и не понимают, зачем вообще этой аудитории их продукт. Это тоже частая проблема: они не знают, как показать, как их продукт решает боли и потребности целевой аудитории, и вообще не знают эти боли и потребности.

Причём это, блин, больше у 90% людей. Они просто идут копируют постики у других конкурентов, а потом говорят, что ничего не работает, не понимая, как это используют успешные конкуренты и что у них там это всё в комплексе.

Дальше, частая ошибка и проблема: они берут какой-то один инструмент, который сейчас увидели на рынке. Им, например, сказали: «Делай автоворонки, и автоворонки будут генерить тебе клиентов, даже если ты не ведёшь блог, и клиенты на автомате». Но все умалчивают, что какой-то трафик там должен быть, то есть откуда этот трафик должен идти в эту воронку, чтобы люди покупали. Ну и вообще попадали в эту автоворонку. Никто это не говорит, и люди этого тоже не понимают.

И вот на такие офферы вкусные, которые обещают волшебную таблетку, часто идут люди. Они туда вкидывают все свои силы, а не получают результата, выгорают, и потом сидят и думают: «А всё, ну типа это я говно, у меня ничего не получится».

На самом деле вы просто попали к инфоцыганам, которым нужно было вам продать эту историю, а на самом деле это всё херня.

Ещё проблема — это когда упёрся в потолок. То есть когда ты делал действия, они приносили тебе результат, и всё: дальше ты не растёшь. Либо бывает наоборот: у тебя результат всё хуже и хуже, и ты вроде бы делаешь те же действия, а они уже не приносят такого результата, и ты не растёшь.

С такими проблемами сталкиваются, что вообще не понимают, что делать. Но здесь очень часто, опять же, история поголовно такая: когда они не опираются на цифры и не могут проанализировать, что у них было, какие там показатели, над чем нужно работать. То есть тут именно маркетинг уже нормальный: маркетинг строится на цифрах, на декомпозиции, на конверсиях. И если этого нет, а очень часто этого нет, этому практически не учат.

Ну вот, на самом деле, даже у Леси Фетисовой я проходила курсы, была там наставником — у нас не было вот этих вот всех декомпозиций, конверсий и прочей истории. Хотя странно, что маркетолог, который учит людей запускать онлайн-курсы и т. д. и т. п., не рассказывает и не показывает вообще, какие планы надо ставить, какие реально у вас сделать цифры, какую сумму запуска реально сделать, как всё это рассчитать.

Вот сейчас понимаю: имея свой опыт, я понимаю, что это для меня странно, непонятно, хотя Леся там основывалась на классическом маркетинге в том числе.

Ещё из проблем: спрашивают, но не покупают; или оставляют заявки, но не покупают; приходят с запросами, но до оплаты не доводят — вот такие тоже есть проблемы.

И тут часто проблема именно в коммуникации: в том, что не могут продать. Либо, наоборот, ведут блог, а он вообще там не растёт. У меня с этим тоже проблемы есть.

Но, опять же, всё основывается на бабках всегда: на количестве клиентов, на количестве учеников. А исходя из этого ты уже расшиваешь и смотришь, где там больше проблемы и трудности есть.

Из таких прям не очень очевидных — вот которые были у Оли Сок, например: её мало рекомендуют девчонки, потому что там действительно есть проблема. Там нужно показывать до/после, а учитывая, что это фитнес, про внешнюю историю, девчонки не очень хотели показывать своё до/после. Это тоже логично, потому что стесняются, и в этом была проблема.

Ну, так как будто бы всё.
"
Как ты их решаешь?,"Да, как я решаю эти проблемы? Опять же, отталкиваясь от того, что основная проблема — это либо недостаточно клиентов, либо недостаточно учеников, то есть проблема в прибыли, я сначала анализирую, что вообще происходит.

Анализирую соцсети, анализирую площадки, анализирую контент, анализирую их действия, команду, конверсии. Всё это просчитываю, смотрю, где есть проблемы и почему проседают эти показатели.

Дальше смотрю по конкурентам: как у них, что они делают, как это всё влияет. Из этого могу проанализировать целевую аудиторию, проанализировать кейсы на рынке.

После этого составляю уже стратегию: прописываю конкретные цифры, к которым мы должны прийти, и за счёт чего — конкретные шаги. Дальше уже прописывается, в идеале, диаграмма Ганта: когда конкретные сроки, конкретные шаги, кто за что ответственен.

Дальше уже работаю как маркетолог: прописываю ТЗ, прописываю боты, воронки, сайты — ну, короче, вот эта вся история.

Дальше мы тестируем на аудиторию, которая есть обычно, потому что сначала нужно оттестировать, потом уже запускать трафик. Получаем результаты, смотрим, анализируем.

Если всё окей и получили сразу нужные конверсии, дальше уже смотрим, как привлечь трафик: если есть бабки, то за счёт чего, через какие инструменты мы будем привлекать — ВК, таргет, Яндекс, тут очень много разных моментов, рассылки платные, ещё что-то.

А если денег нет на трафик, смотрим, как мы можем получить органический трафик: через какой контент, на каких площадках. И уже это всё масштабируется.

Ну то есть, если прям просто идти по шагам, то вот так. Там уже каждый шаг, конечно, ещё можно расписать на кучу подшагов, но в общем система такая."
"Какие самые частые 3-5 страхов твоих учеников? ","Самые частые страхи, если смотреть учеников (на самом деле тут и у клиентов одна и та же история):

1. Что не сработает: потратят время, что-то будут делать, но не сработает.
2. Осуждение при создании контента: боятся получить негативные комментарии.
3. Что потратят деньги и не получат результата.
4. Что конкуренты стырят их идеи, методологию, курсы, клиентов, учеников.

Как будто бы всё крутится вокруг этих четырёх страхов."
Какие лучшие результаты твоих учеников / клиентов?,
Что самое главное в твоей работе?,"Что самое главное в моей работе? Для меня самое главное — ценность: чтобы моя работа помогала людям, несла пользу, а не была во вред людям.

Я не буду работать с инфоцыганами. Вот почему я, опять же, перестала работать с Олей: одна из причин — через мою работу эти инфоцыгане получают бабки, и, соответственно, они будут дальше работать в этой нише. Получают бабки — значит, у них есть мотивация дальше что-то делать. Поэтому я не помогаю инфоцыганам зарабатывать бабки через мою работу и не помогаю зарабатывать бабки нишам, которые работают во вред людям либо не несут конкретной пользы: типа биржа, крипта, хироманты, вот эта вся херь. С ними я не работаю.

Меня очень зажигает ценность, когда у проекта есть миссия. Например, почему мне очень нравится работать в ЕГЭЛЕНДе: там охрененная миссия, до мурашек. Когда ты осознаёшь, что ты по факту создаёшь будущую страну, потому что ты помогаешь детям сдать ЕГЭ на высокие баллы, чтобы они поступили в самые лучшие вузы, чтобы они получили хорошее будущее. И эти люди будут дальше развивать страну, вести нас к чему-то лучшему. Это круто, что ты по факту влияешь на то, что помогаешь своей стране развиваться и вообще двигаться прогрессу. Возможно, кто-то из них будет дальше учёным каким-то, кто-то что-то придумает, внедрит, сделает какой-то прорыв — и вот это очень круто.

Из того, что ещё важно в моей работе:
- ответственность;
- оперативность;
- стабильность психики, потому что очень часто меняются ситуации на рынке, какие-то тренды, и важно быстро адаптироваться;
- системность, потому что важно понимать стратегию;
- внимательность. Очень сильно важна внимательность, потому что можно допустить какую-то ошибку даже в одном слове — и будет минус репутация, грубо говоря. Это ещё не самый худший расклад вообще, который может быть. Тут много моментов.
А ещё что важно в моей работе — это умение коммуницировать, договариваться с людьми, находить компромисс, находить общую точку: как общаться, потому что мы работаем в команде в любом случае.

И бывают ситуации (они не так редки), когда, если ты не нашёл общий язык с человеком или посрался, в какой-то момент тебя жизнь приведёт к тому, что тебе нужно будет прийти к этому человеку и попросить его либо помочь, либо вам придётся вместе работать над каким-то вопросом, над каким-то подпроектом.

Один из самых важных ресурсов — это люди. И взаимоотношения с людьми. Поэтому я даже подсознательно всю свою жизнь следовала этому принципу. Поэтому у меня много хороших знакомых, ко мне приводят других клиентов, какие-то заказы.

Просто потому что, во-первых, я очень ответственная, системная и ответственная за дедлайны. То есть если у меня какой-то дедлайн, я могу ночь не спать, делать, но я это сделаю в любом случае, потому что это нужно.

И вот совокупность вот этих вот всех черт, вот этих всех пунктов, которые я сказала, они дают ценность человеку именно в этой позиции: как маркетолога, фрилансера. Потому что многие фрилансеры не ответственны за результат, пытаются скинуть, им пофиг на дедлайны, они могут просто потеряться в какой-то момент, и всё, и пропасть.

У меня был случай, когда у меня дизайнер: у нас были выходные, и за выходные мы должны были сделать очень важные задачи, и она просто потерялась. И мне нужно было искать, притом из-за неё я потеряла один выходной из двух, и это было очень критично."
"Что  главное, чтобы хорошо обучать людей в твоей сфере?","Что главное, чтобы хорошо обучать людей в моей сфере?

Во-первых, системность: про то, что я говорила о последовательности.

Во-вторых, умение объяснять простыми словами так, чтобы понял, не знаю, пятилетка.

Терпимость тоже очень важна, потому что до людей может доходить с третьего-четвёртого-пятого раза, и нужно уметь ещё объяснять с разных сторон. То есть если человек не понял с одной стороны, нужно подойти с другой стороны, рассказать, подсказать другой пример, объяснить.

Гибкость — ну, соответственно, вот это гибкость.

Ещё нужно понимание, как человек усваивает информацию: что есть разные типы людей, которые по-разному воспринимают информацию. Кому-то нужно прочитать, кому-то нужно посмотреть, записать, кому-то нужно просто послушать — и вот эти все истории. Особенно если индивидуально обучаешь, нужно понимать, как человек лучше воспринимает.

Обычно я просто спрашиваю: «Как тебе лучше, чтобы я тебе там делала: записывала уроки, прописывала гайды, прописывала текстом, аудиоподкасты?» И когда человек мне отвечает, я понимаю, что лучше сделать, чтобы он усвоил.

Плюс я смотрю за динамикой: отслеживаю, как человек понял информацию — через задание, через проверку. И дальше уже смотрю, насколько это хорошо работает. Если что — корректирую стратегию.

Ну и тут самое важное — это умение давать обратную связь, кстати, корректно. То есть не просто типа «плохо-хорошо», а объяснить человеку, почему это плохо и хорошо.

Меня очень бесит, например, ещё в работе: вот в ЕГЭЛЕНД, кстати, это большущая точка роста, что они не умеют давать корректно обратную связь. То есть они могут просто сказать типа «это кринж», «это плохо», «это очень плохо». А почему это очень плохо — не всегда раскрывают, во-первых. А во-вторых, вообще некорректно говорить типа «это очень плохо».

Но почему-то это вот оцениваешь так: «Скажи, тут можно доработать, потому что... потому что... потому что». Вот это можно доработать, потому что... потому что. И это не будет влиять на самооценку человека, потому что вот эти оценки «это плохо», «это очень плохо», «это кринж» — это в любом случае демотивирует человека и влияет на его состояние и самооценку. Хотя мы не должны это делать."
Почему стоит пойти учиться именно к тебе?,"А почему стоит пойти учиться именно ко мне? Здесь, наверное, ответ будет краткий.

1. Опыт, наработанные кейсы.
2. Опыт работы в разных нишах, понимание, что работает, а что не работает.
3. Я опираюсь на классический маркетинг: на цифры, на стратегию, на реальные конверсии. Делаю реальную аналитику, а не просто типа: «Ну, давайте попробуем вот это», потому что такой подход хреново работает.

Сначала нужно всё проанализировать, понять ситуацию, посмотреть по цифрам, а дальше уже работать. И если эти цифры не ведут, значит, нужно собрать статистику, посчитать, и уже потом показать человеку: «А что? В чём вообще проблема?» И, кстати, это создаёт охеренный вау-эффект у клиентов, когда они видят, что понятно сразу и системно, в чём вообще проблема состоит.

Результаты, которые говорят сами за меня. Мне здесь на самом деле не нужно, как инфоцыганам, придумывать какие-то авторские методики, делать шоу инфоцыганские: вот когда там нашёл друга, грубо говоря, на помойке, дал ему свою методику, и он за 3 дня заработал миллион рублей. Мне это всё делать не нужно, потому что у меня уже есть кейсы, опыт, знания и понимание маркетинга.

Единственный момент: не всем это будет нравиться, потому что часто, особенно начинающие, непрожжённые, грубо говоря, эксперты и клиенты ищут волшебную таблетку, а я тот человек, который скажет, что её вообще не существует: ребят, нужно работать. Но это хороший фильтр: он будет отсеивать людей, которые не готовы реально работать, а просто ищут, чтобы за них всё сделали, и всё у них было. абсурдно вообще звучит)))) "
Какие личностные качества должен иметь успешный... (твоя сфера),
Твои сильные стороны (навыки) в твой сфере. В чем ты король?,"Мои сильные стороны и навыки в моей сфере.

Первое — коммуникабельность и умение найти общий язык с любым человеком. Я могу практически со всеми найти общий язык, понять человека: в чём вообще состоит вопрос, в чём состоит проблема. Очень часто с проектов я ухожу с новыми знакомыми — хорошими знакомыми, будущими коллегами, друзьями. Это классная история, которая хорошо работает, потому что, как я уже говорила, самый ценный ресурс — это люди.

Но я не нахожу общий язык с людьми, которые не понимают базовых правил коммуникации. Был у меня случай в Beauty Day: я нашла дизайнера сайта, классный дизайнер, всё хорошо, но там был пацан. Он работал с девчонкой: девчонка дизайнер, он верстает, и пацан берёт на себя коммуникацию. Если ты вдруг редко отвечаешь, он ведёт себя как человек, который дожимает. Он может написать, без шуток, 30 сообщений за день, через каждые 20 минут: почему ты не отвечаешь. Не понимая, что человек может быть занят, и что это, наоборот, отталкивает.

Меня такие люди очень сильно отталкивают, и я с ними перестаю работать вообще, потому что это полный бред, полная бредятина. Я не сработаюсь с людьми, которые не понимают базовых правил коммуникации, потому что мне некомфортно. Мне непонятно, почему вы там в 30+ не научились даже базово общаться с людьми и понимать, что какими-то действиями вы, наоборот, сливаете общение. Короче, это проблема, которая меня очень сильно бесит.

И ещё одна моя суперсила — это работа через смыслы и триггеры. Это, опять же, выходит из понимания болей и потребностей людей.

То есть и в общении я легко понимаю, в чём проблема человека, чего он хочет на самом деле, какие у него сейчас боли. Могу это сделать так, чтобы поддержать человека.

И то же самое в контенте: я очень круто работаю со смыслами. Могу проанализировать боли и потребности целевой аудитории, как продукт решает эти боли и потребности, выстроить триггеры, фразы, формулировки, идеи контента, и исходя из этого уже дожимать людей. Поэтому у меня хорошо получаются рассылки, дожимные сообщения и, в принципе, контент.

Особенно если мне дают свободу действий. Бывает часто, что руководители говорят: «Нет, давайте делать вот так, вот так». Но если мне дают свободу действий, то, что интересно, всегда получается крутой результат (я говорю именно за последние года).

Например, даже в ЕГЭЛЕНДе у нас там произошла ситуация: я вела сначала канал вот этого курса по софтскилам, и у нас был процент вовлечённости ER выше 70%, и процент тех, у кого были включены уведомления, тоже был выше 70%. Потом пришли руководители и сказали, что нам не хватает домашек и просмотров на уроках, поэтому давайте их дожимать. Начали говорить и создавать кучу контента, и у нас ER упал меньше 40%. Уведомления включены были у 40%, у 42%, наверное; сейчас держится на 44%, но ER мы подняли.

И, опять же, они нам всю эту статистику засрали, а потом поставили KPI на то, чтобы я подняла ER до 50%, потому что он упал. Это, конечно, меня тоже вообще вывело из себя, потому что пришли, насрали и ушли, а ты решай потом проблему, убирай за ними говно. Это вообще, короче, полный трэш для меня.

И всё: за неделю, когда мне дали самой всё делать, я, во-первых, увеличила вовлечённость в контенте на комментарии в два раза, и увеличила ER тоже — он подрос, по-моему, на 5% что ли. Ну, короче, это за неделю. А так я подняла конкретно ER с 40 до 50% в канале."